{
  "project_info": {
    "project_number": "397630105886",
    "project_id": "chatapplication-1-1",
    "storage_bucket": "chatapplication-1-1.appspot.com"
  },
  "client": [
    {
      "client_info": {
        "mobilesdk_app_id": "1:397630105886:android:59c7db0e7ed9b10539810f",
        "android_client_info": {
          "package_name": "com.example.chatapplication1_1"
        }
      },
      "oauth_client": [],
      "api_key": [
        {
          "current_key": "AIzaSyDCnI95lqvW_onPtusmRG2O0ek8lnzchOY"
        }
      ],
      "services": {
        "appinvite_service": {
          "other_platform_oauth_client": []
        }
      }
    }
  ],
  "configuration_version": "1"
}